day,date,title,scripture,verse,pdf_page
1,一月一日,我們愛，因為上帝先愛我們,「要是沒有愛，我的話就像吵鬧的鑼和響亮的鈸一樣。」,哥林多前書13:1（現中修訂版）,5
2,一月二日,一步一步邁向成熟,「上主引導義人的腳步，他喜悅他們生活的方方面面。他們即使失足，也不會跌倒，因為上主親手扶持他們。」,詩篇37:23-24（新普及譯本）,6
3,一月三日,戰勝試探,「你們要以救恩作頭盔，以上帝的話作聖靈所賜的寶劍。」,以弗所書6:17（現中修訂版）,7
4,一月四日,告訴上帝你愛祂,「要歌唱讚美上主；要⋯⋯頌讚我們的上帝。」,詩篇147:7（現中修訂版）,8
5,一月五日,上帝想賜給你自由,「要是上帝的兒子使你們得自由，你們就真的是自由人了。」,約翰福音8:36（現中修訂版）,9
6,一月六日,如何戰勝恐懼,「他們把我投進坑中，又用石頭砸我。水漫過我的頭，我大喊：「完了！」然而上主啊，我在深坑中呼求你的名：「請聽我的祈求！聽我求助的呼喊！」你就聽了我的呼求。是的，我呼求的時候你靠近我，告訴我：『不要懼怕。』」,耶利米哀歌3:53-57（新普及譯本）,10
7,一月七日,沒有甚麼能夠讓上帝感到驚訝,「我尚未出生，你就看見了我。我生命的每一天，你都記在冊上了。一天還未過去，每一刻都已經安排好了。」,詩篇139:16（新普及譯本）,11
8,一月八日,與上帝的友誼,「因為我們還與上帝為敵的時候，就已經靠著他兒子的死跟他和好了；藉著他兒子的生命，我們將來也必定會得救。我們的主耶穌基督已經使我們成為上帝的朋友，我們現在就可以在這種跟上帝的奇妙新關係中歡喜快樂。」,羅馬書5:10-11（新普及譯本）,12
9,一月九日,你可以饒恕別人,「要親切仁慈相對待，彼此饒恕，正如上帝藉著基督饒恕了你們一樣。」,以弗所書4:32（現中修訂版）,13
10,一月十日,為何信心如此重要,「上帝從天上俯看世人，要察看有沒有真正有智慧的，有沒有尋求上帝的。」,詩篇53:2（新普及譯本）,14
11,一月十一日,向耶穌坦承你的困境,「上帝使你們活在基督耶穌裡，祂使基督耶穌成為我們的智慧、公義、聖潔和救贖。」,哥林多前書1:30（當代譯本）,15
12,一月十二日,聖子顯明了聖父,「基督是不可見的上帝那可見的形象。他在萬物被造以前就存在，他遠遠高於一切受造之物。」,歌羅西書1:15（新普及譯本）,16
13,一月十三日,復活改變了一切,「我就是那叫死人復活，再次給他們生命的。任何信我的人，即使像其他人一樣死了，也必活過來；信我的會得著永生，必定永遠不死。」,約翰福音11:25-26（TLB意譯/新漢語譯本）,17
14,一月十四日,上帝與你一同悲傷,「上主親近傷心的人，拯救意志消沉的人。」,詩篇34:18（新普及譯本）,18
15,一月十五日,渴求上帝,「你們要像初生的嬰兒一樣，渴求純淨的靈奶，使你們能夠長大，最終完全地經歷拯救。為了能得到這生命的養分而呼求吧。」,彼得前書2:2（新普及譯本）,19
16,一月十六日,要精明：展望向前並面對現實,「精明的人會展望向前，愚昧的人卻欺騙自己，不願面對現實。」,箴言14:8（新普及譯本/TLB意譯）,20
17,一月十七日,同理心是孤寂的解藥,「我第一次被帶到審判官面前時，沒有人在我身邊，所有人都離棄了我。但願這不算為他們的罪。然而，主站在我身邊，給我力量，使我能夠把福音完全地傳講出來，讓所有外族人都聽見。」,提摩太後書4:16-17（新普及譯本）,21
18,一月十八日,擊敗你傷害性的思想,「（魔鬼）説謊是出於自己的本性，因為他是説謊者，又是説謊者的父親。」,約翰福音8:44（新普及譯本）,22
19,一月十九日,回到上帝的途徑,「你們如果一心尋找我，渴慕我勝於一切事物，我保證你們必不失望。」,耶利米書29:13（信息本意譯）,23
20,一月二十日,為甚麼上帝要考驗你,「火試驗金銀的純度，上主卻考驗人的心。」,箴言17:3（新普及譯本）,24
21,一月二十一日,學會控制你的憤怒,「欠缺自制力的人，就如城牆倒塌的城一樣無力防備。」,箴言25:28（NLT96意譯）,25
22,一月二十二日,準備你的心靈去接受,「信心是從聆聽來的，是從聆聽基督的福音來的。」,羅馬書10:17（新普及譯本）,26
23,一月二十三日,學會知足,「難道你所有的不都是上帝所賜的嗎？那麼，這些比較和競爭又有甚麼意義呢？你們所需要的一切，都已經擁有了！」,哥林多前書4:7-8（信息本意譯）,27
24,一月二十四日,將你的憂慮和痛苦交託給上帝,「我⋯在這裏受牢獄之苦，但我並不因此感到羞恥，我知道我信靠的是誰，並深信他必定能保守我所託付他的，直到他再來的那天。」,提摩太後書1:12（新普及譯本）,28
25,一月二十五日,與他人和睦,「可能的話，要盡你們所能與眾人和睦相處。」,羅馬書12:18（新漢語譯本）,29
26,一月二十六日,自制的力量,「欠缺自制力的人，就像城牆倒塌的城。」,箴言25:28（新普及譯本）,30
27,一月二十七日,等候上帝,「我要讚美上主，絕不忘記他為我作的光榮事情。」,詩篇103:2（新普及譯本/意譯）,31
28,一月二十八日,誰會因為你而在天堂？,「最重要的事情就是要完成我的使命，成就主耶穌交給我的工作，就是見證上帝恩典的福音。」,使徒行傳20:24（現代中文譯本/意譯）,32
29,一月二十九日,充分利用瑣碎的時間,「你縱有諸多計劃，惟有上主的旨意能夠成就。」,箴言19:21（新普及譯本）,33
30,一月三十日,專注於取悦上帝，而不是取悦人,「我們的目的不是討人喜歡，而是討上帝喜悦。惟獨他察驗我們內心的動機。」,帖撒羅尼迦前書2:4（新普及譯本）,34
31,一月三十一日,上帝是個關懷的父親,「父親怎樣疼惜憐愛他的兒女，上主也怎樣疼惜憐愛敬畏他的人。」,詩篇103:13（新普及譯本）,35
32,二月一日,背誦經文會帶來蒙福的人生,「詳細察看那全備、使人自由之律法的，並且時常如此，這人既不是聽了就忘，乃是實在行出來，就在他所行的事上必然得福。」,雅各書1:25（和合本上帝版）,37
33,二月二日,上帝醫治情感枯竭的良方,「以利亞害怕，就逃命去了⋯⋯上主對他説：『你出來，在這山上站在我面前。』以利亞站在那裏，上主就從那裏經過。」,"列王紀上19:3,11（新普及譯本）",38
34,二月三日,信心的實踐,「如果你們看見有弟兄姊妹沒有吃的、穿的，卻只是説『願你今天過得好，穿得暖，吃得好，再見』，而不給那人食物和衣服，又有甚麼好處呢？」,雅各書2:15-16（新普及譯本）,39
35,二月四日,避免爭吵,「愚蠢人引起爭吵；能避免爭吵便是光榮。」,箴言20:3（現代中文譯本）,40
36,二月五日,銘記上帝的作為,「要知道⋯你們親自體驗上主而認識他。」,申命記11:2（現中修訂版）,41
37,二月六日,尋找改變的力量,「我甚麼也試過了，卻甚麼也沒有用。我已處於末路窮途，難道沒有任何人可以為我做些事情嗎？感謝上帝，答案就是主耶穌基督可以，而且確實做了。」,羅馬書7:24-25（信息版意譯）,42
38,二月七日,愛你的仇敵,「要愛你們的敵人！善待憎恨你們的人，祝福詛咒你們的人，為傷害你們的人禱告。如果有人打你這邊臉，把另一邊臉也讓他打；如果有人要拿走你的外衣，連襯衫也讓他拿去。」,路加福音6:27-29（新普及譯本）,43
39,二月八日,如何向當權者申訴,「但以理就跟這侍從商量說：『請測試我們十天，允許我們只吃蔬菜，喝清水。十天之後，看看跟其他享用王膳的年輕人相比，我們的氣色如何，再照你看見的作決定吧。』」,但以理書1:11-13（新普及譯本）,44
40,二月九日,不要將自己與他人比較,「你們在自己所做的事上要小心謹慎，這樣你們就會因自己做得好而感到滿足，而且不需要跟他人比較。」,加拉太書6:4（新普及譯本）,45
41,二月十日,避免屬靈上隨流漂去,「因此，我們必須更加堅守所聽到的真理，免得被潮流沖走。」,希伯來書2:1（現代中文譯本）,46
42,二月十一日,預備自己去聽從上帝的聲音,「落在小路上的種子，是指有些人聽到信息，魔鬼卻來把它從他們心裏奪走，不讓他們相信和得救。」,路加福音8:12（新普及譯本）,47
43,二月十二日,忙碌會妨礙我們聆聽上帝,「落在石地淺土上的種子，是指有些人聽到信息便歡喜接受，但扎根不深，只相信了一小段時間，一遇到試探就放棄了。」,路加福音8:13（新普及譯本）,48
44,二月十三日,根除分心的雜草,「落在荊棘叢裏的種子，是指有些人聽到信息，但這信息很快就被今生的憂慮、財富和享樂擠了出來，使他們無法長大成熟。」,路加福音8:14（新普及譯本）,49
45,二月十四日,預先決定順服上帝的話,「但那落在好土裡的，就是人用誠實良善的心來聽，把道持守住，忍耐著結出果實。」,路加福音8:15（新譯本）,50
46,二月十五日,明智的人顧及別人的感受,「從天上來的智慧，首先是純潔的，其次是和平的，溫柔的，謙遜的，滿有恩慈和善果，沒有偏袒，沒有虛偽。」,雅各書3:17（新譯本）,51
47,二月十六日,上帝知曉一切,「在上帝面前任何受造之物都無法隱藏，萬物在他眼前赤露敞開，而我們要交賬的對象正是他。」,希伯來書4:13（新普及譯本）,52
48,二月十七日,相信上帝會供應,「既然上帝連自己的兒子都沒有留下，而是為我們眾人把他交了出來，他豈不會把其他一切都賜給我們嗎？」,羅馬書8:32（新普及譯本）,53
49,二月十八日,奉獻的心,「他十分成功；因為他所做的⋯每一件事，都是一心尋求上帝的旨意而做的。」,歷代志下31:21（現中修訂版）,54
50,二月十九日,你可以相信聖經,「我實在告訴你們，就是天地都消逝，上帝律法中最微小的細節也不會消逝，直到它的目的實現為止。」,馬太福音5:18（新普及譯本）,55
51,二月二十日,透過關係學習愛,「我希望能激勵你們的信心，也希望被你們的信心所激勵。這樣，我們各人就可以成為他人的祝福。」,羅馬書1:12（新普及譯本/NLT意譯）,56
52,二月二十一日,上帝就是盼望,「願上帝，就是那希望的泉源，因著你們對他的信心，讓你們充滿各樣喜樂、平安，使你們的希望，藉著聖靈的能力，不斷增加。」,羅馬書15:13（現中修訂版）,57
53,二月二十二日,敬虔的習慣,「要付諸實行，你要全心全意地做這些事，讓大家都看到你的長進。」,提摩太前書4:15（當代譯本/GW意譯）,58
54,二月二十三日,上帝賜予的勇氣,「因為上帝所賜的聖靈，並不是要你害怕人，而是要你有智慧、有力量、愛護他們，並享受與他們一起。」,提摩太後書1:7（TLB意譯）,59
55,二月二十四日,上帝對孤單的人有甚麼看法？,「他被藐視，被人拒絕，是個多受痛苦，熟悉病患的人。他像個被人掩面不看的人一樣；他被藐視，我們也不重視他。」,以賽亞書53:3（新譯本）,60
56,二月二十五日,基督的身體需要你,「你們所有人在一起就成為基督的身體，每個人都是這身體上的一部分。」,哥林多前書12:27（新普及譯本）,61
57,二月二十六日,相信上帝會保護你,「在我敵人面前，你為我擺設筵席，你用油膏了我的頭。」,詩篇23:5（現代標點和合本）,62
58,二月二十七日,讓耶穌減輕你的負擔,「你們所有勞苦擔重擔的人哪，到我這裡來吧！我必使你們得安息。我心裡柔和謙卑，你們應當負我的軛，向我學習，你們就必得著心靈的安息；我的軛是容易負的，我的擔子是輕省的。」,馬太福音11:28-30（新譯本）,63
59,二月二十八日,你的苦難彰顯了上帝的目的,「每逢我們遇到苦難，他都安慰我們，好讓我們也能夠安慰別人。在別人遇到苦難時，我們能夠用上帝給我們的安慰去安慰他們。甚至可以說，我們受苦難纏累，就是為了讓你們得到安慰和拯救！因為我們一旦得到安慰，就一定會安慰你們。這樣，你們便能耐心地忍受我們所受的苦難。」,"哥林多後書1:4,6（新普及譯本）",64
60,三月一日,真理的道,「他按自己的旨意，藉著真理的道生了我們。」,雅各書1:18（新漢語譯本）,66
61,三月二日,敬拜不是尋求一種感覺,「但我往東去，他不在那裏；我往西去，也找不到他；我在北邊看不見他，他隱藏了起來；我朝南張望，他掩藏不見了。但他知道我要去哪裏。」,約伯記23:8-10（新普及譯本）,67
62,三月三日,不要害怕幽暗,「我縱然走過最黑暗的幽谷，也不懼怕，因為你就在我身旁，你的竿、你的杖都保護我，安慰我。」,詩篇23:4（新普及譯本）,68
63,三月四日,謹慎思考,「所思所想要謹慎，因為生命是由思想定型的。」,箴言4:23（現中修訂版）,69
64,三月五日,悲傷並不是結局,「我的肉體和我的心腸衰殘；但上帝是我心裡的力量，又是我的福分，直到永遠。」,詩篇73:26（和合本上帝版）,70
65,三月六日,決定真理,「我從你的法則中得到智慧，我厭惡一切詭詐之道。」,詩篇119:104（當代譯本）,71
66,三月七日,上帝藉著其他人給你忠告,「義人向朋友提出忠告，惡人引朋友步入歧途。」,箴言12:26（新普及譯本）,72
67,三月八日,學習隨時禱告,「要常常喜樂，不住地禱告，在任何情況下都要感恩。」,帖撒羅尼迦前書5:16-18（新普及譯本）,73
68,三月九日,權衡得失,「明白事理的，不輕易發怒；急躁易怒的，盡顯愚昧。」,箴言14:29（新普及譯本）,74
69,三月十日,沒有藉口不休息,「你六日要工作，但第七天你要休息，在耕種和收割的時候，也要休息。」,出埃及記34:21（新譯本）,75
70,三月十一日,用正確的方式來敬拜上帝,「真正敬拜的人，要在心靈和真理中敬拜父，父也在尋找這樣敬拜他的人。」,約翰福音4:23（新普及譯本）,76
71,三月十二日,專心致志的力量,「周詳計劃、勤奮工作，使人富足；草率行事、專走捷徑，使人貧窮。」,箴言21:5（新普及譯本）,77
72,三月十三日,你們蒙召是要得自由,「弟兄們，你們蒙召是要得自由。」,加拉太書5:13（現代標點和合本）,78
73,三月十四日,相信上帝會給你所需的幫助,「那人説：『天快要亮了，讓我走吧！』但是雅各説：『除非你給我祝福，不然我不讓你走。』」,創世記32:26（新普及譯本）,79
74,三月十五日,用你的言語去造就人,「壞話一句都不可出口，倒要按著需要，説造就人的好話，使聽見的人得益處。」,以弗所書4:29（新漢語譯本）,80
75,三月十六日,耶穌最後的禱告,「『我的心被憂傷壓碎，幾乎要死。』他（耶穌）向前走了不遠，就俯伏在地上禱告説：『我父啊！如果可能，請拿走這苦難的杯吧！可是，不要按我的意願，只要照你的旨意。』⋯⋯耶穌第二次離開他們去禱告，説：『我父啊！如果這杯不能拿走，一定要我喝，那就願你的旨意成就。』」,"馬太福音26:38-39,42（新普及譯本）",81
76,三月十七日,救恩是要接受的禮物,「人人都需要藉著上帝白白賜下恩典而與祂和好，每個人都需要藉著耶穌基督脱離罪惡。」,羅馬書3:24（NCV意譯）,82
77,三月十八日,持守正直,「行正直路的，步步安穩；走彎曲道的，必致敗露。」,箴言10:9（和合本上帝版）,83
78,三月十九日,你聽從誰的聲音？,「於是挪亞就照著上帝的吩咐一一辦妥了。」,創世記6:22（新普及譯本）,84
79,三月二十日,多種的多收,「『少種的少收，多種的多收』⋯⋯上帝能將各樣的恩惠多多地加給你們，使你們凡事常常充足，能多行各樣善事。」,"哥林多後書9:6,8（和合本上帝版）",85
80,三月二十一日,活出精彩人生,「所以，你們行事為人要謹慎；不要像沒有智慧的人，要像有智慧的人，好好把握時機，因為現今的日子邪惡——因此，你們不要作愚昧人，要領悟主的旨意是甚麼。」,以弗所書5:15-17（新漢語譯本）,86
81,三月二十二日,感謝可以減輕你的壓力,「凡事謝恩，因為這是上帝在基督耶穌裏向你們所定的旨意。」,帖撒羅尼迦前書5:18（和合本上帝版）,87
82,三月二十三日,會造就你的朋友,「你們不要給説這種話的人愚弄了，因為『近朱者赤，近墨者黑』！」,哥林多前書15:33（新普及譯本）,88
83,三月二十四日,與別人一起敬拜,「不可像某些人那樣忽略聚會，倒要彼此鼓勵，特別是主再來的日子越來越近了。」,希伯來書10:25（新普及譯本）,89
84,三月二十五日,生命不因死亡而終止,「上帝的靈曾使耶穌從死人中復活，這靈就住在你們裏面；而且正如上帝使基督耶穌從死人中復活一樣，他也會藉著住在你們裏面的這同一位聖靈，把生命賜給你們必死的身體。」,羅馬書8:11（新普及譯本）,90
85,三月二十六日,不只是聽見,「凡聽了我這些話又遵行的人，就像一個聰明人把房子建在磐石上。」,馬太福音7:24（新漢語譯本）,91
86,三月二十七日,唯獨上帝的看法才重要,「因著作基督徒而受苦並不是恥辱；你們被稱為上帝名下的人，你們要為了這份殊榮讚美他！」,彼得前書4:16（新普及譯本）,92
87,三月二十八日,苦難使你變得更像耶穌,「那些按照神旨意而受苦的人，在繼續行善的同時，要把自己的生命交給那信實的創造者。」,彼得前書4:19（新漢語譯本）,93
88,三月二十九日,分享有助你療傷,「我藏起心事的時候，內心深處感到疲憊，終日悲嘆。」,詩篇32:3（NCV意譯）,94
89,三月三十日,除掉負面的自我對話,「你要使所有信靠你和專心仰望你的人全然平安！」,以賽亞書26:3（新普及譯本）,95
90,三月三十一日,上帝要祝福你的事業,「你們要以追求上帝的國為最重要的事，過公義的生活，他就會賜你們一切所需要的。」,馬太福音6:33（新普及譯本）,96
91,四月一日,增強你的信心,「你們要堅立自己，好讓你在世的日子遵行上帝的旨意，而不是滿足人們邪惡的慾望。」,彼得前書4:2（NCV意譯）,98
92,四月二日,照你原來的樣子,「然而，在我們還是罪人的時候，上帝就差遣基督為我們捨命，顯明了他對我們的大愛。」,羅馬書5:8（新普及譯本）,99
93,四月三日,你可以倚靠上帝的大能,「我們學會不再倚靠自己，而是單單倚靠使死人復活的上帝。」,哥林多後書1:9（新普及譯本）,100
94,四月四日,救贖之門,「我就是門，凡是通過我進來的，必定得救。」,約翰福音10:9（新普及譯本）,101
95,四月五日,為上帝恩待別人而欣喜,「要跟喜樂的人一同喜樂，跟哭泣的人一同哭泣。」,羅馬書12:15（新普及譯本）,102
96,四月六日,上帝會建立你的信心,「主啊，我信，求你幫助我信心不足的地方！」,馬可福音9:24（NKJV意譯）,103
97,四月七日,怎樣處理你的感覺,「讓人性掌管自己，就會引向死亡；讓聖靈掌管自己，就會引向生命和平安⋯那些順應自己本性的人，不能討上帝的喜悦。」,"羅馬書8:6,8（GNT意譯）",104
98,四月八日,真理是永恆的,「天地會消逝，我的話卻永不消逝。」,馬太福音24:35（新普及譯本）,105
99,四月九日,門徒要遵守上帝的話語,「如果你們忠於我的教導，就真是我的門徒了。」,約翰福音8:31（新普及譯本）,106
100,四月十日,釋放你的悲傷,「向他傾心吐意，因上帝是我們的避難所。」,詩篇62:8（新普及譯本）,107
101,四月十一日,改變你自己,「相反，願我們省察自己的道路，願我們回轉歸向上主。」,耶利米哀歌3:40（新普及譯本）,108
102,四月十二日,上帝呼召你以德報怨,「愚昧人把怒氣盡情發洩，智慧人卻抑制怒氣。」,箴言29:11（新譯本）,109
103,四月十三日,睜開你的眼睛,「求你開我的眼睛，使我能看出你律法的奇妙。」,詩篇119:18（新譯本）,110
104,四月十四日,不要自欺欺人,「你們必須遵行上帝的道，不要只是聽，否則就是自欺。」,雅各書1:22（新普及譯本）,111
105,四月十五日,你要聽見上帝的話嗎？,「我要登上瞭望塔，站在我的崗位上，在那裏等待，看上主要説甚麼，看他怎樣回應我。」,哈巴谷書2:1（新普及譯本）,112
106,四月十六日,讓上帝的愛救你脫離恐懼,「求你使我所怕的辱罵遠離我；⋯我要謹守你的命令；⋯上主啊，求你向我顯明你的慈愛；求你照你的應許拯救我。我就能夠回答侮辱我的人。」,詩篇119:39-42（現中修訂版）,113
107,四月十七日,屬靈力量的靈糧,「我就是生命的糧⋯我是從天上降下來生命的糧。」,"約翰福音6:48,51（和合本上帝版）",114
108,四月十八日,選擇寬恕，而不是閒言閒語,「沒有木柴，火便熄滅；止住流言，爭吵便平息。」,箴言26:20（新普及譯本）,115
109,四月十九日,不要再假裝了,「怕人批評有危險；信靠上主得安寧。」,箴言29:25（現中修訂版）,116
110,四月二十日,直到世界盡頭,「除非我將生命用於主耶穌委派給我的工作，就是向人傳揚上帝偉大慈愛的福音。不然，生命是毫無價值的。」,使徒行傳20:24（TLB意譯）,117
111,四月二十一日,選擇信心，而非恐懼,「那個星期日晚上，門徒聚集在一起，把門都鎖上了，因為他們害怕猶太人的領袖。忽然，耶穌竟站在他們當中！耶穌説：『願你們平安。』」,約翰福音20:19（新普及譯本）,118
112,四月二十二日,你委身於甚麼，便塑造了你的生命,「既然我們周圍的一切都將要融化，那麼，我們應該過著多麼聖潔、敬虔的生命！」,彼得後書3:11（TLB意譯）,119
113,四月二十三日,不被定罪,「那些屬於基督耶穌的人就不被定罪了。」,羅馬書8:1（新普及譯本）,120
114,四月二十四日,你的根基是甚麼？,「我照著神賜給我的恩典，就像一個聰明的工程師，立好了根基，別人在上面建造。各人要注意怎樣在上面建造，因為除了那已經立好的根基以外，沒有人能立別的根基。那根基就是耶穌基督。如果有人用金、銀、寶石、草、木、禾稭，在這根基上建造，各人的工程將來必要顯露。」,哥林多前書3:10-13（新譯本）,121
115,四月二十五日,學會識別真理,「庇哩亞人比帖撒羅尼迦人思想開明，他們熱切地聆聽保羅講的話，天天查考聖經，要看看保羅和西拉所教導的是不是真理。」,使徒行傳17:11（新普及譯本）,122
116,四月二十六日,熬煉的火,「我已經煉淨你們，但和熬煉銀子不同，我用苦難的熔爐煉淨你們。」,以賽亞書48:10（新普及譯本）,123
117,四月二十七日,得釋放,「忽然發生大地震，連牢房的根基也搖動。所有監門立時打開，各人的鎖鏈都鬆開了。」,使徒行傳16:26（新漢語譯本）,124
118,四月二十八日,你的勇氣是如何增長的,「你絕不要因為向人傳講我們的主而感到羞恥⋯藉著上帝賜給你的力量，你要準備為福音的緣故跟我一同受苦。」,提摩太後書1:8（新普及譯本）,125
119,四月二十九日,智慧維護和平,「愚昧人四處掀起紛爭，智慧人盡力維護和平。」,箴言29:8（TLB意譯）,126
120,四月三十日,親身體會上帝的話語,「我確信，上帝既然在你們心中開始了這美善的工作，就必定會繼續下去，直到這工作最終完成的一天，也就是基督耶穌再來的那天。」,腓立比書1:6（新普及譯本）,127
121,五月一日,與上帝相聚的靈修時間,「殷勤人的籌劃必使他獲利；行事急躁的必致貧窮。」,箴言21:5（新譯本）,129
122,五月二日,有信心地禱告,「因上主是美善的，他的慈愛永遠長存，他的信實直到萬代。」,詩篇100:5（新普及譯本）,130
123,五月三日,完美主義會窒礙潛能,「如果你要等到萬事俱備，你就永遠一事無成。」,傳道書11:4（TLB意譯）,131
124,五月四日,回轉歸向上帝,「你已經不像起初那樣愛我，也不像起初那樣彼此相愛了！看看你已經墮落到甚麼地步！你要回轉歸向我，做你起初所做的。」,啟示錄2:4-5（新普及譯本）,132
125,五月五日,每個決定都有代價,「人冒失説，這是聖物，許願之後才查問，就是自陷網羅。」,箴言20:25（和合本上帝版）,133
126,五月六日,凡事都先求上帝的智慧,「自以為是的人，就是愚昧；憑上帝的智慧行事的，必得平安。」,箴言28:26（TLB意譯）,134
127,五月七日,上帝常在你生命裏作工,「我們知道上帝使萬事一同效力，讓那些愛上帝，又按他旨意蒙召的人得益處。」,羅馬書8:28（新普及譯本）,135
128,五月八日,祝福反對你們的人,「要愛你們的敵人！善待憎恨你們的人，祝福詛咒你們的人，為傷害你們的人禱告。如果有人打你這邊臉，把另一邊臉也讓他打；如果有人要拿走你的外衣，連襯衫也讓他拿去。」,路加福音6:27-29（新普及譯本）,136
129,五月九日,上帝會祝福怎樣的目標？,「無論你們吃甚麼、喝甚麼、做甚麼，都要為尊崇上帝而做。」,哥林多前書10:31（CEV意譯）,137
130,五月十日,與美善的上帝傾談,「因上主是美善的，他的慈愛永遠長存，他的信實直到萬代。」,詩篇100:5（新普及譯本）,138
131,五月十一日,知識是需要行動的,「要記着，人明明知道該做甚麼卻不去做，便是犯罪了。」,雅各書4:17（新普及譯本）,139
132,五月十二日,放開你的傷痛,「你們要寬容彼此的過錯，饒恕得罪你們的人。要記住，主已經饒恕了你們，你們也必須饒恕別人。」,歌羅西書3:13（新普及譯本）,140
133,五月十三日,上帝從不著急,「在任何事情上，不要試圖貿然離開。要讓這些事情發揮作用，使你變得成熟和完全。」,雅各書1:4（信息本意譯）,141
134,五月十四日,解決問題，而不是責備,「你若希望享受人生，並擁有許多幸福的日子，就要禁止舌頭説惡言，禁止嘴唇説謊話。」,彼得前書3:10（新普及譯本）,142
135,五月十五日,勇敢地面對恐懼,「主啊！現在求你聽聽他們威嚇的話，賜給我們——你的奴僕——有極大的膽量去傳講你的道。」,使徒行傳4:29（新普及譯本）,143
136,五月十六日,只有上帝才能釋放你的潛質,「然而我能有今天，全因為上帝把特別的恩惠傾注在我身上，而這並不是徒然的。因為我工作得比其他任何使徒更辛勞；但這不是我在做，而是上帝以他的恩典通過我在工作。」,哥林多前書15:10（新普及譯本）,144
137,五月十七日,完美無瑕,「至於上帝，他的道是完美的；耶和華的話是無瑕的。凡投靠他的，他便作他們的盾牌。」,詩篇18:30（NIV意譯）,145
138,五月十八日,為你的人生目的禱告,「上主説：『我知道我為你們所定的計劃，我對你有美好的計劃，而不是計劃要傷害你，為要帶給你們盼望和美好的將來。你們要呼求我，要來向我禱告，我就傾聽。』」,耶利米書29:11-12（NCV意譯）,146
139,五月十九日,上帝使我們一步一步地成長,「就是要除掉『舊人』；這『舊人』屬於你們過去的生活方式，順從着迷惑人心的私慾，日漸腐化；又要在心思意念上更新，並要穿上『新人』——這『新人』是照着神的形像創造的，有從真理而來的公義和聖潔。」,以弗所書4:22-24（新漢語譯本）,147
140,五月二十日,將耶穌所揭露的一切交給祂,「如果有人願意跟從我，就當捨己，天天背起他的十字架來跟從我。凡是想救自己生命的，必喪掉生命；但為我犧牲自己生命的，必救了生命。」,路加福音9:23-24（新譯本）,148
141,五月二十一日,你的選擇支配了你的時間表,「我們每個人都要為自己的行為負責。」,加拉太書6:5（新普及譯本）,149
142,五月二十二日,當你感到疲累，要信靠上帝,「但那信靠上主的將重新得力，他們要如鷹展翅高飛，他們奔跑不會疲倦，行走不會昏累。」,以賽亞書40:31（新普及譯本）,150
143,五月二十三日,讓上帝引導你,「為了自己的名，他引導我走義路。」,詩篇23:3（新譯本）,151
144,五月二十四日,在上帝的話語中找到自由,「你們必認識真理，真理必使你們自由。」,約翰福音8:32（新漢語譯本）,152
145,五月二十五日,因信稱義,「我們既因信稱義，就藉著我們的主耶穌基督得與上帝相和。」,羅馬書5:1（和合本上帝版）,153
146,五月二十六日,誰需要得到你殷勤款待呢？,「[哥尼流]是個既虔誠又敬畏上帝的人，他所有的家人也都如此。他慷慨地賙濟窮人，並常常向上帝禱告。」,使徒行傳10:2（新普及譯本）,154
147,五月二十七日,改變需要有新的思想,「讓聖靈更新你們的思想和心態。」,以弗所書4:23（新普及譯本）,155
148,五月二十八日,完全信靠上帝,「要完全信靠上主，不可倚仗自己的聰明。」,箴言3:5（新普及譯本）,156
149,五月二十九日,在患難的日子，呼求上帝,「在患難的日子，你呼求我。我必搭救你，你也必尊敬我。」,詩篇50:15（新譯本）,157
150,五月三十日,你是由上帝所造，亦是為上帝而造的,「這些人當中，有些錯失了人生最重要的事——他們不認識上帝。」,提摩太前書6:21（TLB意譯）,158
151,五月三十一日,驕傲是具有破壞性的,「愛是⋯永不自誇或驕傲。」,哥林多前書13:4（TLB意譯）,159
152,六月一日,上帝在乎你的理財方式,「一個人在小事上靠得住，在大事上也靠得住；一個人在小事上不誠實，在大事上也不誠實。如果你們在處理今世的錢財上靠不住，誰又會把那真實的財富付託你們呢？」,路加福音16:10-11（現中修訂版）,161
153,六月二日,上帝的靈在你裏面工作,「因為上帝正在你們裏面工作，給你們意願和能力做他所喜悅的事。」,腓立比書2:13（新普及譯本）,162
154,六月三日,哀傷可以帶來好處,「凡事都有定期，天下萬事都有定時。⋯哭有時，笑有時；悲痛有時，跳舞有時。」,"傳道書3:1,4（新普及譯本）",163
155,六月四日,學會説「不」,「就讓我們除掉所有拖累我們的重負，尤其是那極易令我們跌倒的罪。讓我們堅忍地奔跑上帝擺在我們前面的賽程。」,希伯來書12:1（新普及譯本）,164
156,六月五日,投入真理,「你們必須繼續相信這個真理，並在這個真理上堅定不移。你們不要偏離從前聽見福音時所得到的保證。」,歌羅西書1:23（新普及譯本）,165
157,六月六日,以上帝愛你的方式去愛別人,「愛是永不停止忍耐，永不停止相信，永不停止盼望，永不放棄。」,哥林多前書13:7（GW意譯）,166
158,六月七日,每天降服於上帝,「將你的心降服於上帝，在禱告中投靠祂，並斷絕你的罪——即使是你暗中所犯的罪。這樣，你就不會蒙羞；並且滿有信心，無所畏懼。你的煩惱將如流水般消逝，而你最黑暗的夜晚將比正午的陽光更明亮。你會安然歇息，充滿盼望，沒有絲毫憂慮。」,約伯記11:13-18（CEV意譯）,167
159,六月八日,妥協會使你達不到自己的人生目的,「但以理卻下定決心⋯免得玷污自己。」,但以理書1:8（新普及譯本）,168
160,六月九日,上帝如何消除我們的過失,「上帝取消了那對我們不利、法律上束縛我們的罪債記錄，把它釘在十字架上，毀掉了它。」,歌羅西書2:14（現中修訂版）,169
161,六月十日,承諾之前要先祈禱,「所以，你們的生活要謹慎，不要像愚昧人，倒要像智慧人；要在這邪惡的日子把握每一個機會。」,以弗所書5:15-16（新普及譯本）,170
162,六月十一日,終身學習之旅,「你要全心領受教誨，側耳聆聽知識的言語。」,箴言23:12（新普及譯本）,171
163,六月十二日,上帝不願你憂慮,「永遠不要為任何事情憂慮。」,腓立比書4:6（ISV意譯）,172
164,六月十三日,人們永遠放棄得太早,「因此，我們絕不氣餒。縱然我們的身體日漸衰殘，我們的心靈卻日日更新。我們目前的苦難輕微而短暫，但它們帶給我們的榮耀卻是無法衡量並且永遠長存！」,哥林多後書4:16-17（新普及譯本）,173
165,六月十四日,毫無疑問,「那在你們裡面的比那在世上的更大。」,約翰一書4:4（新譯本）,174
166,六月十五日,你是否受教？,「自高自大的人不喜歡被糾正；他們從不向智者求教。」,箴言15:12（NCV意譯）,175
167,六月十六日,透過人際關係去體會你的人生目的,「我們就像人體各個部份。每部份都由整個身體上找到自己的存在意義，而不是反其道而行⋯作為身體的一部份，我們每一位都找到自己的存在意義和功能。但如果我們是被砍下來的手指或腳趾，就沒有甚麼作用了，對吧？」,羅馬書12:4-5（信息本意譯）,176
168,六月十七日,上帝從火裏帶出新生命,「讚美沙得拉、米煞、亞伯尼歌的上帝！他差遣他的天使拯救信靠他的僕人。他們違抗王令，寧死也不事奉、敬拜他們上帝以外的神明。」,但以理書3:28（新普及譯本）,177
169,六月十八日,預備去做各樣美善的事,「你如果潔身自愛，就會成為有尊貴用途的特殊器皿；你的生命將是潔淨的，你也會準備好被主人使用，去做各樣美善的事。」,提摩太後書2:21（新普及譯本）,178
170,六月十九日,有時上帝以沉默來說話,「若上帝保持沉默，那又與你何干？若祂掩起臉來，你又可以做甚麼？但是無論是沉默還是躲藏，祂都在那裡，統管著萬有。」,約伯記34:29（信息本意譯）,179
171,六月二十日,上帝會祝福你的順服,「講完之後，耶穌對西門說：『現在把船划到水深的地方，撒網捕魚吧！』西門就說：『老師，我們勞碌了一整夜，甚麼也沒捕到。不過，既然你這樣吩咐，我就再下網吧。』」,路加福音5:4-5（新普及譯本）,180
172,六月二十一日,一起奔跑,「我們要設法激勵大家彼此相愛、行善；不可像某些人那樣忽略聚會，倒要彼此鼓勵，特別是主再來的日子越來越近了。」,希伯來書10:24-25（新普及譯本）,181
173,六月二十二日,當你需要暫緩一下時,「但以理立刻去見王，請求王寬限一些時間，以便他能把那個夢的意思告訴王。」,但以理書2:16（新普及譯本）,182
174,六月二十三日,你怎樣應付你的恐懼？,「不要懼怕，因為我已經救贖了你。我已經提名召喚你，你是屬於我的。你經過深水，我要與你同在。」,以賽亞書43:1-2（新普及譯本）,183
175,六月二十四日,你如何寬恕？,「一切都是出於上帝；他藉著基督使我們與他和好，又將勸人與他和好的職分賜給我們。」,哥林多後書5:18（和合本上帝版）,184
176,六月二十五日,在黑暗中照耀的光,「要給飢餓的人食物，幫助那些陷入困境的。這樣，你的光就會在黑暗中照耀⋯上主要一直引導你，在你乾渴時賜水給你。」,以賽亞書58:10-11（新普及譯本）,185
177,六月二十六日,你會面對的巨人,「每個聚集在這裏的人也都會知道，上主拯救他的子民，沒有用一刀一槍。這場戰爭是屬於上主的，他必會把你們交給我們！」,撒母耳記上17:47（新普及譯本）,186
178,六月二十七日,耶穌來幫助傷痛的人,「主的靈在我身上，因為他膏立我去向窮人傳福音；他差遣我去宣告被擄的得釋放，瞎眼的得看見，受壓迫的得自由：他差遣我去宣告主的恩年。」,路加福音4:18-19（新漢語譯本）,187
179,六月二十八日,説出自己的感覺就是康復的開始,「你們要互相認罪，彼此代禱，使你們得醫治。」,雅各書5:16（現代中文譯本修訂版）,188
180,六月二十九日,聖靈是你的教師,「聖靈會教導你們所有的事，也要使你們想起我對你們說過的一切。」,約翰福音14:26（新普及譯本）,189
181,六月三十日,是時候對自己坦白,「上主賜給我們心智和良心，誰也無法隱瞞自己。」,箴言20:27（現中修訂版）,190
182,七月一日,向上帝傾訴你的感覺,「我赤身出娘胎，也要赤身離世。上主賞賜我的，上主又取走了；上主的名當受頌讚！」,約伯記1:21（新普及譯本）,192
183,七月二日,喜樂是一個選擇,「雖然無花果樹不開花，葡萄樹上沒有葡萄；雖然橄欖樹失收，田地空空不產糧；雖然羊羣死在野外，牛棚中也空空蕩蕩；我卻要因上主而歡喜！要因拯救我的上帝而快樂！」,哈巴谷書3:17-18（新普及譯本）,193
184,七月三日,誰會為你的時間負責？,「求你指教我們怎樣數算自己的日子，好叫我們得著智慧的心。」,詩篇90:12（和合本上帝版）,194
185,七月四日,你需要一首新的主題曲,「我們擊潰一切妨礙人去認識上帝的驕傲自恃，又俘獲了人叛逆的思想，教導他們順服基督。」,哥林多後書10:5（新普及譯本）,195
186,七月五日,昂然前進，別再回頭看,「你要存心正直；你要尋求上帝。這樣，你就能無愧地面對世界，堅定不移，無所懼怕。你將忘記一切的禍患，像流水一樣從人的記憶中消逝。」,"約伯記11:13,15-16（現代中文譯本修訂版）",196
187,七月六日,竊取平安的小偷,「我要留給你們一份禮物，那就是心靈的平安。我賜給你們的平安，是這個世界無法給予的。因此你們不必憂慮，也不要害怕。」,約翰福音14:27（新普及譯本）,197
188,七月七日,上帝不會回答一切問題,「因為不管我擁有甚麼，我都學會了知足。無論我幾乎一無所有，還是樣樣都有，我都懂得如何生活。無論是飽足是飢餓，是豐富是貧乏，在各種處境中我都學會了生活的秘訣。因為藉著那賜給我力量的基督，我凡事都能做。」,腓立比書4:11-13（新普及譯本）,198
189,七月八日,為上帝挺身而出,「所以，你絕不要因為向人傳講我們的主而感到羞恥⋯藉著上帝賜給你的力量，你要準備為福音的緣故跟我一同受苦。」,提摩太後書1:8（新普及譯本）,199
190,七月九日,選擇敬拜，不要憂慮,「如果你們熱心行善，誰會想傷害你們呢？就算你們為了行義而受苦，上帝也會為此獎賞你們。你們不要憂慮，也不要怕別人的恐嚇，只要敬拜基督，以他為你們生命的主。」,彼得前書3:13-15（新普及譯本）,200
191,七月十日,上帝無論如何都愛你,「因為他知道我們的本體，記得我們不過是塵土。」,詩篇103:14（新譯本）,201
192,七月十一日,上帝會幫助你成功,「我們可以籌劃自己的路，但上主指引我們的腳步。」,箴言16:9（新普及譯本）,202
193,七月十二日,失敗也許對你有好處,「人若掩蓋自己的罪惡，必不亨通。」,箴言28:13（新普及譯本）,203
194,七月十三日,在基督裏的新生命,「這就是説，凡屬基督的人都已經成為新人，舊生命過去了，新生命已經開始！」,哥林多後書5:17（新普及譯本）,204
195,七月十四日,上帝如何解答你的恐懼,「我們知道上帝多麼愛我們，我們也信任他的愛。⋯因為完全的愛能驅走一切的懼怕。」,"約翰一書4:16,18（新普及譯本）",205
196,七月十五日,不、慢慢來、要成長、去吧,「你們作父親的，如果孩子要一條魚，你會給他們蛇嗎？孩子要一隻蛋，你會給他們蠍子嗎？當然不會！你們這些有罪的人尚且知道拿好東西給自己的孩子，更何況你們的天父呢？他會把聖靈賜給那些向他祈求的人。」,路加福音11:11-13（新普及譯本）,206
197,七月十六日,堅忍禱告的力量,「保持警醒，完全堅忍⋯祈求。」,以弗所書6:18（新漢語譯本）,207
198,七月十七日,挫折不會改變上帝的旨意,「保羅，不要怕，你必定要站在凱撒面前受審！而且，仁慈的上帝已答應保護你同船的人平安無事。」,使徒行傳27:24（新普及譯本）,208
199,七月十八日,愛是一個選擇,「你要選擇生命⋯愛耶和華你的神，聽從他的話，緊靠他。」,申命記30:19-20（新譯本）,209
200,七月十九日,督責和醫治,「你們要彼此認罪，互相代求，好使你們得到醫治。」,雅各書5:16（新普及譯本）,210
201,七月二十日,你怎樣知道自己得救？,「你們得救是靠著恩典，藉著信心，這不是出於自己，而是神所賜的，這也不是出於行為，免得有人自誇。」,以弗所書2:8-9（新譯本）,211
202,七月二十一日,驕傲的心會抵擋上帝,「神抵擋驕傲的人，賜恩典給謙卑的人。因此，你們要服從神。」,雅各書4:6-7（新譯本）,212
203,七月二十二日,讓上帝掌軚,「如果有人願意跟從我，就當捨己，背起他的十字架來跟從我。」,馬太福音16:24（新譯本）,213
204,七月二十三日,鼓勵他人,「互相鼓勵，彼此造就。」,帖撒羅尼迦前書5:11（新普及譯本）,214
205,七月二十四日,學會知足,「滿足於眼前的，勝於渴望求多。不斷的渴求是虛空，如同捕風。」,傳道書6:9（NET聖經中譯本）,215
206,七月二十五日,上帝賜給你智慧,「要完全信靠上主，不可倚仗自己的聰明。你無論做甚麼，都要尋求他的心意，他必指示你當走的路。不要自以為有智慧，要敬畏上主，遠離邪惡。」,箴言3:5-7（新普及譯本）,216
207,七月二十六日,你所需要的一切都來自上帝,「我的神必照他在基督耶穌裡榮耀的豐富，滿足你們的一切需要。」,腓立比書4:19（新譯本）,217
208,七月二十七日,你的心思很重要,「最後，弟兄們，凡是真實的、莊重的、公正的、純潔的、可愛的、聲譽好的，無論是甚麼美德，甚麼稱讚，這些事你們都應當思念。」,腓立比書4:8（新譯本）,218
209,七月二十八日,重要還是需要,「親愛的馬大啊，你盡為這些瑣事操心煩惱！真正要緊的事只有一件，馬利亞已經找到了，而這是不會被奪走的。」,路加福音10:41-42（新普及譯本）,219
210,七月二十九日,上帝就是真理,「上帝讓人看到如何分辨對錯，如何時刻作出正確的決定。」,箴言2:9（TLB意譯）,220
211,七月三十日,祝福的收成,「不要厭倦行善。如果我們不放棄，時候一到，就會收穫豐盛的祝福。」,加拉太書6:9（新普及譯本）,221
212,七月三十一日,沒有愛，我就一貧如洗,「無論我說甚麼、信甚麼、做甚麼，若我沒有愛，我就一貧如洗。」,哥林多前書13:3（TheMessage意譯）,222
213,八月一日,按上帝的價值觀而活,「在他看來，為著基督受的凌辱，比埃及的財物更寶貴，因為他注視將來的賞賜。」,希伯來書11:26（新譯本）,224
214,八月二日,寬恕是無條件的,「父啊，饒恕他們！因為他們不知道自己在做甚麼。」,路加福音23:34（新普及譯本）,225
215,八月三日,同理心的重要性,「你們各人都要同心合意，互相體恤，像兄弟姊妹一樣彼此相愛。要有溫柔的心，也要保持謙虛的態度。」,彼得前書3:8（新普及譯本）,226
216,八月四日,挫折的目的,「愚妄人的惱怒立時顯露，精明的人卻能忍受羞辱。」,箴言12:16（新譯本）,227
217,八月五日,要願意被打擾,「耶穌對他説：『你去，照樣做吧！』」,路加福音10:37（和合本2010）,228
218,八月六日,傾聽上帝的聲音,「上帝會以不同的方式向人說話―即使人們不一定會明白。」,約伯記33:14（NCV意譯）,229
219,八月七日,祝福那反對你的人,「所有信的人都在一起，凡物公用，並且變賣產業和財物，按照各人的需要分給他們。」,使徒行傳2:44-45（新譯本）,230
220,八月八日,當你等候時，上帝正在作工,「上主啊，清晨求你聆聽我的聲音；我每天清晨向你懇求，並滿懷期望地等候。」,詩篇5:3（新普及譯本）,231
221,八月九日,上帝的真理會使你自由,「如果你們忠於我的教導，就真是我的門徒了。你們將會明白真理，真理也必使你們得自由。」,約翰福音8:31-32（新普及譯本）,232
222,八月十日,耶穌會在風暴中與你相遇,「大約凌晨三點的時候，耶穌從水面上向門徒走去。」,馬可福音6:48（新普及譯本）,233
223,八月十一日,以上帝的方式重新得力,「因耶和華的慈愛，我們不致滅絕，因他的憐憫永不斷絕，每早晨，這都是新的；你的信實極其廣大！我心裏説：耶和華是我的福分，因此，我要仰望他。」,耶利米哀歌3:22-24（和合本2010）,234
224,八月十二日,如何應付屬靈爭戰,「因為我們的爭戰並不是對抗有血有肉的人，而是對抗那些執政的、掌權的、管轄這幽暗世界的，以及天空靈界的惡魔。」,以弗所書6:12（和合本2010）,235
225,八月十三日,你可以對抗感覺,「憑着信，摩西不懼怕王的憤怒，離開了埃及地。他一直堅定不移，是因為他一直注視着不可見的那一位。」,希伯來書11：27（新普及譯本）,236
226,八月十四日,選擇信心，而不是恐懼,「許多人喝斥他：『住嘴！」』他卻喊得更響了：『大衞之子啊，可憐我吧！』耶穌聽見就停下來，說：『叫他過來。』」,馬可福音10:48-49（新普及譯本）,237
227,八月十五日,你想耶穌為你作甚麼？,「耶穌問他：『你要我為你做甚麼？』盲人回答：『老師，我要能看見！』」,馬可福音10:51（現代中文譯本修訂版）,238
228,八月十六日,無愧於心的人生,「他沒有為我們所有的罪過懲罰我們，也沒有按我們應得的嚴懲處置我們。東離西有多遠，他使我們的罪過離我們也有多遠。」,"詩篇103：10,12（新普及譯本）",239
229,八月十七日,掌控的危機,「營地裏只剩下雅各一人，有個人來跟他摔跤，一直到黎明。那人見勝不了雅各，就在雅各的大腿窩摸了一下，使他的大腿關節脫臼。」,創世紀32:24-25（新普及譯本）,240
230,八月十八日,以基督為你生命的軸心,「你們要以追求上帝的國為最重要的事，過公義的生活，他就會賜你們一切所需要的。」,馬太福音6:33（新普及譯本）,241
231,八月十九日,上帝有一個特殊任務給你,「由於那個女人說『他把我做過的事全都說出來了』，村裏的許多撒馬利亞人就信了耶穌。」,約翰福音4:39（新普及譯本）,242
232,八月二十日,耶穌為心碎的人而來,「差遣我去醫治破碎的心。」,路加福音4:18（NKJV意譯）,243
233,八月二十一日,關乎信靠,「我要你在患難中信靠我，我就可以搭救你，而你也可以榮耀我。」,詩篇50:15（TLB意譯）,244
234,八月二十二日,説不的力量,「你們並不是受罪惡的本性掌管；如果你們有上帝的靈住在你們裏面，你們便是受聖靈的掌管。」,羅馬書8:9（新普及譯本）,245
235,八月二十三日,耶穌知道你的名字,「耶穌走到那地方，抬頭看撒該，對他說：『撒該。』」,路加福音19:5（現代中文譯本修訂版）,246
236,八月二十四日,你的信心可以移山,「對上帝要有信心！我鄭重地告訴你們，你們若對這座山說：『起來，投到海裏去！』只要心裏不疑惑，確信所說的一定實現，這事就會為你們實現。所以，我告訴你們，你們禱告，無論求甚麼，相信是得著了，就會得到你們所求的。」,馬可福音11:22-24（現代中文譯本修訂版）,247
237,八月二十五日,選擇信靠上帝,「憑着信，挪亞造了一艘大船，在洪水中救了他全家。上帝預先警告挪亞，告訴他從未發生過的事，他就順服了上帝。」,希伯來書11:7（新普及譯本）,248
238,八月二十六日,管好嘴巴,「上主啊，求你約束我的言語，看管我的嘴唇。」,詩篇141：3（新普及譯本）,249
239,八月二十七日,得自由的唯一方法,「我就是門，凡是通過我進來的，必定得救。」,約翰福音10:9（新普及譯本）,250
240,八月二十八日,背誦經文的重要性,「整部聖經都是人在上帝的感動下寫的，它能教導我們甚麼是真理，指出我們生活中犯了甚麼錯誤，糾正我們的過犯，教導我們做正確的事。」,提摩太後書3:16（新普及譯本）,251
241,八月二十九日,上帝為你定下了計劃,「為我所定的日子，我還未度過一日，都完全記在你的冊上了。」,詩篇139：16（新譯本）,252
242,八月三十日,信心是預先感謝上帝,「所以我告訴你們，凡是你們禱告祈求的，只要相信能夠得到，就必得到。」,馬可福音11:24（新譯本）,253
243,八月三十一日,以悔改來重新開始,「我們要檢討和省察自己的行為，然後歸向耶和華。我們要向天上的神，誠心舉手禱告：『我們犯罪悖逆。』」,耶利米哀歌3:40-42（新譯本）,254
244,九月一日,平衡你的生活,「要花時間和精力去鍛煉自己，保持靈命健壯。」,提摩太前書4:7（TLB意譯）,256
245,九月二日,要饒恕人，因為你已被饒恕,「主已經饒恕了你們，你們也必須饒恕別人。」,歌羅西書3:13（新普及譯本）,257
246,九月三日,用上帝的話語餵養你的心靈,「邪惡的事，我都不擺在眼前；離開正路的人所作的事，我都恨惡，決不容這些沾染我。」,詩篇101:3（新譯本）,258
247,九月四日,享受上帝的恩賜,「如果上帝賜給人產業財富，讓他享受，他就應當接受並享受勞碌的成果。這是上帝的恩賜。」,傳道書5:19（現代中文譯本修訂版）,259
248,九月五日,讓每一步都滿有意義,「所有運動員都要受嚴格的訓練，他們這樣做，只為贏得那會日漸失色的獎賞，但我們這樣做，是為了永恆的獎賞。所以，我每一步都朝着目標奔跑。我不是向空氣揮拳。」,哥林多前書9:25-26（新普及譯本）,260
249,九月六日,上帝對你有甚麼看法？,「你們是被揀選的子民，是王室的祭司，是聖潔的國民，是上帝自己的產業⋯你們能夠讓別人看見上帝的美善。」,彼得前書2:9（新普及譯本）,261
250,九月七日,送上你的關心作禮物,「不要只顧自己的利益，也要考慮別人的利益。」,腓立比書2:4（新普及譯本）,262
251,九月八日,永生的道路,「上帝啊，求你鑒察我，瞭解我的心；考驗我，知道我切切記掛的。求你指出我裏面何處得罪了你，引導我走永生的道路。」,詩篇139:23-24（新普及譯本）,263
252,九月九日,站立得穩,「信靠耶和華你們的神，你們就必堅立；信靠他的先知，你們就必亨通。」,歷代志下20:20（新譯本）,264
253,九月十日,專心致志,「手扶著犁向後看的，不適合進神的國。」,路加福音9:62（新譯本）,265
254,九月十一日,人生就是熱誠,「[耶穌説]你要全心、全性、全意、全力，愛主你的神。」,馬可福音12：30（新譯本）,266
255,九月十二日,你不需要帶著罪疚感而活,「遮掩自己過犯的，必不亨通；承認並離棄過犯的，必蒙憐憫。」,箴言28:13（新譯本）,267
256,九月十三日,有關物質的問題,「你如果賺得全世界，卻賠上自己的靈魂，又有甚麼益處呢？有甚麼比自己的靈魂更寶貴呢？」,馬太福音16:26（新普及譯本）,268
257,九月十四日,需要額外恩典的人,「求上帝祝福那些逼害你的人——是的，求祂祝福，不要詛咒。」,羅馬書12:14（現代中文譯本修訂版/意譯）,269
258,九月十五日,耶穌拯救謙卑的人,「至於我，我是困苦貧窮的；神啊！求你快快到我這裏來；你是我的幫助，我的拯救；耶和華啊！求你不要耽延。」,詩篇70:5（新譯本）,270
259,九月十六日,靠信心播種,「一粒麥子若不落在地裡死了，仍舊是一粒；如果死了，就結出許多果實來。」,約翰福音12:24（新譯本）,271
260,九月十七日,上帝對你人生的計劃,「既然每一個人都是上帝各樣恩賜的好管家，就要照著從上帝所領受的種種恩賜，彼此服事。」,彼得前書4:10（現代中文譯本修訂版）,272
261,九月十八日,救恩的喜樂,「求你使我重得你救恩的喜樂，重新有樂意的靈支持我。」,詩篇51:12（新譯本）,273
262,九月十九日,上帝永遠準時,「馬大對耶穌説：『主啊，如果你早在這裏，我的兄弟就不會死了！就是現在，我也知道無論你向神求甚麼，神必賜給你。』耶穌對她説：『你的兄弟必會復活。』」,約翰福音11:21-23（新譯本）,274
263,九月二十日,服侍的喜樂,「即使我失去生命，像獻給上帝的奠祭那樣傾倒我的生命，我也要歡喜；這奠祭如同你們忠心的服侍，都是獻給上帝的祭。我希望你們大家都來分享這種喜樂。」,腓立比書2:17（新普及譯本）,275
264,九月二十一日,上帝可以使你復興,「如果你轉向我，我就使你復興，好叫你繼續事奉我。」,耶利米書15:19（新普及譯本）,276
265,九月二十二日,投資於永恆,「你還要吩咐他們用錢財行善，他們應該多做善事，慷慨供應有需要的人，並且隨時準備跟別人分享。他們這樣做就是在積聚自己的財富，奠定未來美好的基礎，讓他們能夠體驗真正的生命。」,提摩太前書6:18-19（新普及譯本）,277
266,九月二十三日,上帝與你同一陣線,「因為上帝正在你們裏面工作，給你們意願和能力做他所喜悅的事。」,腓立比書2:13（新普及譯本）,278
267,九月二十四日,上帝給你偉大的夢想,「願榮耀歸給神，就是歸給那能照著運行在我們裏面的大能，充充足足地成就一切，超過我們所求所想的。」,以弗所書3:20（新譯本）,279
268,九月二十五日,夢想藉著決定來實現,「我的弟兄們，人若説他有信心，卻沒有行為，有甚麼益處呢？⋯⋯照樣，如果只有信心，沒有行為，這信心就是死的。也許有人要説，你有信心，我有行為；請把你沒有行為的信心指給我看，我就藉著我的行為，把我的信心指給你看。」,雅各書2:14，17-18（新譯本）,280
269,九月二十六日,當上帝延誤你的夢想,「因這異象關乎一定的日期，很快就要實現，決不徒然；縱有遲延，仍當等候，因為它一定會來到，絕不耽誤。」,哈巴谷書2:3（新譯本）,281
270,九月二十七日,困難會拓展你的夢想,「為此，你們大大歡喜——儘管如今你們在各樣試煉中必須暫時憂愁，好讓你們的信心經過試驗，就能比那被火試驗仍能毁壞的金子更為寶貴。」,彼得前書1:6-7（新漢語譯本）,282
271,九月二十八日,當你感到夢想已經枯萎,「當亞伯拉罕裡面毫無盼望的時候，仍然憑信心懷著盼望⋯⋯他仰賴上帝的話語。」,羅馬書4:18（PHILLIPS意譯）,283
272,九月二十九日,告別羞愧,「如果上帝說他已悅納祂所揀選的人，又有誰能指控他們呢？或有誰能譴責他們呢？完全沒有！」,羅馬書8:33-34（CEV意譯）,284
273,九月三十日,上帝會將你從困境中解救出來,「我的心也大大戰慄，耶和華啊！要等到幾時呢？耶和華啊！求你回轉搭救我，因你慈愛的緣故拯救我。」,詩篇6:3-4（新譯本）,285
274,十月一日,倉促是祈禱的致命傷,「要在上主面前靜默，耐心等候他來工作。」,詩篇37:7（新普及譯本）,287
275,十月二日,上帝的恩典會助你渡過難關,「我寫信是要鼓勵你們，讓你們確信自己現在所經歷的實在是上帝恩典的一部分。你們要在這恩典中站穩。」,彼得前書5:12（新普及譯本）,288
276,十月三日,刻不容緩的使命,「差我們來的那位給我們委派了工作，我們必須趕快完成。黑夜將到，那時誰都不能做工了。」,約翰福音9:4（新普及譯本）,289
277,十月四日,智慧人尋求教導,「指教智慧人，他們便更有智慧；教導義人，他們就學得更多。」,箴言9:9（新普及譯本）,290
278,十月五日,無論如何,「如果你口裏宣認耶穌為主，心裏信上帝使他從死裏復活，你就會得救。因為我們心裏這樣信，就得以成為義人，口裏這樣宣認，就會得救。」,"羅馬書10:9,10（現代中文譯本修訂版）",291
279,十月六日,受傷時如何敬拜,「你們要向上主歌唱！要讚美上主！因為我雖然貧窮缺乏，他卻救我擺脫欺壓我的人。」,耶利米書20:13（新普及譯本）,292
280,十月七日,先設法了解,「要對彼此充滿同情，以溫柔的心和謙虛的態度彼此相愛。」,彼得前書3:8（意譯）,293
281,十月八日,愛能把工作變成事工,「讓我們自己的人學習努力行善，來供給生活上的需要；不要作閒散無用的人。」,提多書3:14（現代中文譯本修訂版）,294
282,十月九日,不要懷疑你的救恩,「我把這些事寫給你們這些相信上帝兒子之名的人，好讓你們知道自己有永生。」,約翰一書5:13（新普及譯本）,295
283,十月十日,培養積極的信仰,「我祈求上帝，願你們積極分享信仰，好叫你們充份明白我們在基督裡所得的各樣美事。」,腓利門書1:6（NIV意譯）,296
284,十月十一日,你無需再裝模作樣,「我要自由自在地生活，因為我遵守你的教導。」,詩篇119:45（現代中文譯本修訂版）,297
285,十月十二日,上帝會造出傑作,「上帝總是言出必行，而祂所作的盡都慈愛。上帝扶持那些不幸的人，給那些想要放棄的人一個新開始。」,"詩篇145:13,14（TheMessage意譯）",298
286,十月十三日,讓你的苦難變得有意義,「我們也能夠歡喜，因為我們知道，這些經歷能使我們生出忍耐。」,羅馬書5:3（新普及譯本）,299
287,十月十四日,當你粗魯無禮時，就絕對沒有説服力,「明智人以通達見稱；說話越溫雅，說服力越強。」,箴言16:21（現代中文譯本修訂版）,300
288,十月十五日,要服侍他人，就要睜開眼睛,「要為其他人的好處着想。」,哥林多前書10:24（新普及譯本）,301
289,十月十六日,福音有何福？,「你們要到世界各地去，向所有人傳揚福音。」,馬可福音16:15（新普及譯本）,302
290,十月十七日,我們同舟共濟,「人不要求自己的好處，卻要求別人的好處。」,哥林多前書10:24（新譯本）,303
291,十月十八日,上帝是良善與慈愛的,「我一生的日子，你的恩惠與慈愛必會緊緊跟隨著我，我要住在上主的殿中，直到永遠。」,詩篇23:6（新普及譯本）,304
292,十月十九日,事奉是改善人際關係的關鍵,「你們要有我那樣的心懷，因為我彌賽亞不是來受人服侍，而是要服侍人，並且要犧牲自己的性命，作多人的贖價。」,馬太福音20:28（TLB意譯）,305
293,十月二十日,你可以在上帝面前稱義,「福音顯明上帝如何使人靠祂稱義。」,羅馬書1:17（NCV意譯）,306
294,十月二十一日,不要等到萬事俱備,「如果你等待萬事俱備，你將一事無成。」,傳道書11:4（TLB意譯）,307
295,十月二十二日,如何靠上帝的力量而活,「因為上帝的國不在於誇誇其談，而在於上帝的能力。」,哥林多前書4:20（新普及譯本）,308
296,十月二十三日,接納並不意味著贊同,「⋯⋯彼此接納，就像基督接納了你們，好讓上帝得到榮耀。」,羅馬書15:7（新普及譯本）,309
297,十月二十四日,上帝創造你，是為了帶來改變,「我周詳地完成祢指派給我的工作，藉此在世上榮耀祢。」,約翰福音17:4（信息本意譯）,310
298,十月二十五日,感恩的祈禱帶來平安,「你們應該一無掛慮；要在禱告中把你們所需要的告訴上帝，用感謝的心祈求。上帝所賜那超越人所能理解的平安，會藉著基督耶穌，保守你們的心懷意念。」,腓立比書4:6-7（現代中文譯本修訂版）,311
299,十月二十六日,成爲別人的祝福,「我必賜福給你⋯⋯你也要叫別人得福。」,創世記12:2（和合本）,312
300,十月二十七日,改變是一個選擇,「你們要披上新性情，學習認識你們的創造主，使生命不斷地更新，變得像他一樣。」,歌羅西書3:10（新普及譯本）,313
301,十月二十八日,溫柔不等於軟弱,「溫柔的人有福了！因為他們必承受地土。」,馬太福音5:5（和合本）,314
302,十月二十九日,智慧是一種生活方式,「你們中間誰是有智慧、有見識的呢？他就應當有美好的生活，用明智的溫柔，把自己的行為表現出來。」,雅各書3:13（新譯本）,315
303,十月三十日,如何愛那不討人喜歡的人,「⋯⋯要喜樂，要長大成熟，彼此鼓勵，也要和諧和睦地相處。這樣，那慈愛平安的上帝就必與你們同在。」,哥林多後書13:11（新普及譯本）,316
304,十月三十一日,上帝在哪裡作工？,「上主看見摩西走近，就從荊棘中喊他：『摩西！摩西！』摩西回答：『是，我在這裏！』」,出埃及記3:4（現代中文譯本修訂版）,317
305,十一月一日,上帝對人生意義的秘訣,「你要為不能自辯的人開口說話，為所有貧苦的人伸冤。你要開口說話，秉公審判，為困苦和窮乏的人伸冤。」,箴言31:8-9（新譯本）,319
306,十一月二日,信心讓你繼續前進,「儘管我們被四面八方的磨難壓迫，卻沒有被壓垮；困惑迷惘，卻不致絕望；遭人追逼，卻不被上帝丟棄；被人打倒，卻不致死亡。」,哥林多後書4:8-9（新普及譯本）,320
307,十一月三日,説話要有智慧,「舌頭雖然微小，但卻能帶來多麼大的破壞。星星之火可以燎原，舌頭也能將我們整個人生變為毁滅與災難的烈火。」,雅各書3:5-6（TLB意譯）,321
308,十一月四日,你的時間僅夠去遵行上帝的旨意,「起初，上帝創造天地。」,創世記1:1（新普及譯本）,322
309,十一月五日,實現你的夢想,「你們行事為人要謹慎。不要像愚昧人，倒要像智慧人。要善用每個機會來行善。不要草率行事，卻要嘗試明白與實踐主想要你們做的事。」,以弗所書5:15-17（TLB意譯）,323
310,十一月六日,禱告並不是⋯⋯,「有一天，耶穌在一個地方祈禱，祈禱完了，有一個門徒對他說：『主啊，求你教導我們禱告⋯』」,路加福音11:1（新譯本）,324
311,十一月七日,上帝對你的愛永不止息,「山丘也許會崩塌；但我對你的愛永無窮盡。」,以賽亞書54:10（GNT意譯）,325
312,十一月八日,著眼於會發生的事,「當上帝談及未來的事，就如談及過去了的事那麼確實。」,羅馬書4:17（TLB意譯）,326
313,十一月九日,上帝對付試探的方法,「並且把一切心意奪回來，順服基督。」,哥林多後書10:5（新譯本）,327
314,十一月十日,付款之前先禱告,「直到現在，你們並沒有奉我的名求過甚麼；你們求，就得到，好讓你們的喜樂滿溢。」,約翰福音16:24（現代中文譯本修訂版）,328
315,十一月十一日,服侍令人生滿有意義,「誰想在你們當中為大，誰就該做你們的僕人。」,馬太福音20:26（中文標準譯本）,329
316,十一月十二日,總要説真話,「隱藏真相的人惹動糾紛。」,箴言10:10（現中修訂版）,330
317,十一月十三日,你的靈命會在羣體裏成長,「我們要設法激勵大家彼此相愛、行善；不可像某些人那樣忽略聚會，倒要彼此鼓勵，特別是主再來的日子越來越近了。」,希伯來書10:24-25（新普及譯本）,331
318,十一月十四日,上帝對你的感覺,「上帝早在奠下世界根基之前就把我們放在心上，以我們為他愛的焦點。」,以弗所書1:4（信息本意譯）,332
319,十一月十五日,為甚麼你在艱難時期需要他人,「因為我知道，藉著你們的祈求和耶穌基督的靈的幫助，我一定會得到釋放。」,腓立比書1:19（新譯本）,333
320,十一月十六日,選擇你的準則,「他們陷在無望的混亂當中。他們的思想充滿了黑暗，他們還封閉自己的思想，硬著心腸對抗上帝⋯⋯他們不知羞恥。」,以弗所書4:17-19（新普及譯本）,334
321,十一月十七日,奉耶穌的名禱告,「無論你們奉我的名祈求甚麼，我都會成全，好讓子為父帶來榮耀。儘管奉我的名祈求吧，我必會成全！」,約翰福音14:13-14（新普及譯本）,335
322,十一月十八日,不要讓閒言閒語破壞你的人際關係,「愛傳閒話的，到處泄漏隱私；值得信賴的，能夠保守秘密。」,箴言11:13（新普及譯本）,336
323,十一月十九日,怨恨會扼殺喜樂,「要留心不要讓苦澀的毒根長起來滋擾你們，敗壞許多人。」,希伯來書12:15（新普及譯本）,337
324,十一月二十日,管理你的選擇,「你們說『我甚麼事都可以做』，但並非每件事都對你們有好處。儘管『我甚麼事都可以做』，我卻不可成為任何東西的奴隸。」,哥林多前書6:12（新普及譯本）,338
325,十一月二十一日,上帝會滿足你的需要,「既然上帝連自己的兒子都沒有留下，而是為我們眾人把他交了出來，他豈不會把其他一切都賜給我們嗎？」,羅馬書8:32（新普及譯本）,339
326,十一月二十二日,你的人生是個考驗,「在上帝面前任何受造之物都無法隱藏，萬物在他眼前赤露敞開，而我們要交賬的對象正是他。」,希伯來書4:13（新普及譯本）,340
327,十一月二十三日,耶穌正在為你祈禱,「那誰能定我們的罪呢？誰也不能，因為基督耶穌為我們死了，又為我們復活了，現今他正坐在上帝右邊那尊貴的座位上，為我們代求。」,羅馬書8:34（新普及譯本）,341
328,十一月二十四日,攜手合作，我們就會成就更多,「兩個人總比一個人好，因為兩個人合作效果更好。」,傳道書4:9（現代中文譯本修訂版）,342
329,十一月二十五日,騰出時間來服侍,「如果你們自以為了不起，不屑去幫助他人，你們就是自欺，你們其實算不了甚麼。」,加拉太書6:3（新普及譯本）,343
330,十一月二十六日,如果你有智慧，你就不會偽裝,「至於從天上來的智慧，首先是純潔的，其次是和平的，溫柔的，謙遜的，滿有恩慈和善果，沒有偏袒，沒有虛偽。」,雅各書3:17（新譯本）,344
331,十一月二十七日,遇到困難時，要信靠上帝的應許,「一連好幾天見不到太陽和星星，又有暴風雨催逼著，最後我們連獲救的希望都斷絕了。那時，大家已經很久沒有吃東西了，保羅站在他們當中說：『⋯只是現在我勸你們振作起來，因為你們當中不會有人失去性命，不過會失去這條船。』」,使徒行傳27:20-22（中文標準譯本）,345
332,十一月二十八日,上帝要你去寬恕他人,「⋯⋯要彼此善待，有溫柔的心，互相饒恕，正如上帝藉着基督饒恕了你們一樣。」,以弗所書4:32（新普及譯本）,346
333,十一月二十九日,拖延的問題,「一切勞苦都有益處，嘴上空談引致貧窮。」,箴言14:23（新譯本）,347
334,十一月三十日,耶穌就是上帝拯救的意思,「她要生一個兒子，你要給他起名叫耶穌―意思是「主拯救」―因為他要把自己的子民從罪惡中拯救出來。」,馬太福音1:21（新普及譯本）,348
335,十二月一日,尋求耶穌是值得的,「耶穌誕生在猶太的伯利恆。當時，有幾位從東方來的智者到了耶路撒冷。」,馬太福音2:1（新普及譯本）,350
336,十二月二日,將一切獻給上帝,「耶路撒冷城牆舉行奉獻典禮的時候，⋯他們稱謝、歌唱、敲鈸、彈琴鼓瑟，歡歡喜喜地舉行奉獻典禮。」,尼希米記12:27（新譯本）,351
337,十二月三日,單單信靠上帝,「這可憐又上當受騙的傻瓜竟以爐灰為食物，他所信靠的根本不能幫助他。然而他已不能自拔，不會問：『我手中的這個偶像是一個謊言嗎？』」,以賽亞書44:20（新普及譯本）,352
338,十二月四日,不要讓你的憤怒令你犯罪,「你們若發脾氣，不可因這脾氣而犯罪；也不可生一整天的氣，不可讓魔鬼有機可乘。」,以弗所書4:26-27（現中修訂版）,353
339,十二月五日,責任,「所以，你們的生活要謹慎，不要像那不知道人生意義與目的的人，卻要像那明白這些事的人。」,以弗所書5:15（PHILLIPS意譯）,354
340,十二月六日,如何結出常存的果子,「不是你們揀選了我，而是我揀選了你們，並且分派你們去結果子，就是結常存的果子。」,約翰福音15:16（新譯本）,355
341,十二月七日,耶穌為你而來,「上帝差遣他獨一的兒子來到世上，使我們可以藉着他得到永生，這就顯明上帝愛我們有多深。」,約翰一書4:9（新普及譯本）,356
342,十二月八日,全心全意地愛上帝,「最重要的誡命就是：『⋯你要盡心，盡性，盡意，盡力愛上主你的上帝。』」,馬可福音12:29-30（新普及譯本）,357
343,十二月九日,三思而行,「明白事理的，不輕易發怒；急躁易怒的，盡顯愚昧。」,箴言14:29（新普及譯本）,358
344,十二月十日,與你的創造者對話,「我愛上主，因他聆聽我的聲音和我呼求憐憫的禱告。他既俯身傾聽，只要我一息尚存，就仍要禱告！」,詩篇116:1-2（新普及譯本）,359
345,十二月十一日,克制你的自由,「然而你們要謹慎，免得你們這自由成了軟弱的人的絆腳石。」,哥林多前書8:9（新譯本）,360
346,十二月十二日,你的良心很重要,「做為自由人，你們不可拿自由當做惡事的藉口。」,彼得前書2:16（中文標準譯本）,361
347,十二月十三日,你的生活需要平衡,「你們早起晚睡，辛勞工作，為飲食勞碌，都是枉然；上帝必使他所愛的人安歇。」,詩篇127:2（新普及譯本）,362
348,十二月十四日,道成肉身,「他們到達以後，嬰孩出生的時候到了，她就生下頭胎的兒子⋯⋯耶穌的智慧和身量不斷增長，上帝和眾人對他的喜愛也與日俱增。」,"路加福音2:6-7,52（新普及譯本/意譯）",363
349,十二月十五日,律法主義的生活,「我不再依靠自己通過遵守律法而得來的義，而是通過相信基督而成為義人，因為上帝使我們跟他恢復正確關係的方法，取決於信心。」,腓立比書3:9（新普及譯本）,364
350,十二月十六日,誰是你的供應者？,「我的杯中之福滿溢。我一生的日子，你的恩惠和慈愛必會緊緊跟隨著我。」,詩篇23:5-6（新普及譯本）,365
351,十二月十七日,放慢腳步，享受這一刻,「人應當吃喝享受他們辛勞的成果，這都是上帝賜下的禮物。」,傳道書3:13（新普及譯本）,366
352,十二月十八日,你的工作並不是你的價值,「我又發現：人勞碌工作，追求功名，是因為羨慕鄰人。」,傳道書4:4（現代中文譯本修訂版）,367
353,十二月十九日,不要操勞過度,「你有六天可以工作；第七天是分別歸我的安息日。」,"出埃及記20:9,10（現代中文譯本修訂版）",368
354,十二月二十日,你的良心很重要,「做為自由人，你們不可拿自由當做惡事的藉口。」,彼得前書2:16（中文標準譯本）,361
355,十二月二十一日,如何得人如得魚,「耶穌召喚他們說：『來，跟從我，我要教你們怎樣得人如得魚！』」,馬太福音4:19（新普及譯本）,370
356,十二月二十二日,祈求更大的愛,「願主使你們彼此之間的愛和對他人的愛一齊增長，甚至滿溢出來，就像我們愛你們一樣。」,帖撒羅尼迦前書3:12（當代譯本）,371
357,十二月二十三日,轉化,「你們不要效法世人的行為和習俗，卻要讓上帝更新你們的思想，使你們轉變成新人。」,羅馬書12:2（新普及譯本）,372
358,十二月二十四日,別再論斷別人,「我們各人都要各自向上帝交賬。所以不要再互相指責了。」,羅馬書14:12-13（新普及譯本）,373
359,十二月二十五日,上帝給你的禮物,「感謝神，他的恩賜難以形容。」,哥林多後書9:15（新譯本）,374
360,十二月二十六日,立志持守上帝的標準,「人怎樣才能保持純潔？就是要遵從祢的話語而活。」,詩篇119:9（NIV84意譯）,375
361,十二月二十七日,驕傲的危險,「邪惡的人心高氣傲，不求告上帝；他心目中沒有上帝。」,詩篇10:4（現代中文譯本修訂版）,376
362,十二月二十八日,你的自由選擇,「看啊，今天我把祝福和詛咒擺在你們面前，讓你們選擇！」,申命記11:26（新普及譯本）,377
363,十二月二十九日,與智慧人同行,「跟智慧人同行，必得智慧；跟愚昧人為友，必受連累。」,箴言13:20（新普及譯本）,378
364,十二月三十日,認罪,「赦免我們的罪債，好像我們饒恕了得罪我們的人。」,馬太福音6:12（新譯本）,379
365,十二月三十一日,堅持禱告,「無論何時何地，你們都要在聖靈裏禱告；要保持警醒，並要堅持為各地的信徒代禱。」,以弗所書6:18（新普及譯本）,380
